accuracy,f1,recall,precisoin,kind
0.46942549994220323,0.36898542755017877,0.510654490106545,0.28885062419285407,system
0.79782684082765,0.6648783291818356,0.6601978691019786,0.6696256271709765,crowd
1.0,1.0,1.0,1.0,annotator
