accuracy,f1,recall,precision,kind
0.4806380765229453,0.3672722151809604,0.4961948249619482,0.29152693941426333,system
0.79782684082765,0.6648783291818356,0.6601978691019786,0.6696256271709765,crowd
1.0,1.0,1.0,1.0,annotator
