accuracy,f1,recall,precisoin,kind
0.4746272107270836,0.36030964109781843,0.487062404870624,0.285905740451195,system
0.79782684082765,0.6648783291818356,0.6601978691019786,0.6696256271709765,crowd
1.0,1.0,1.0,1.0,annotator
